,Future Buy Increase,Future Sell Decrease,Buffer Buy,Buffer Sell,Profit/Loss,Number of Transactions,Number of Buy Signals,Number of Sell Signals,Sortino Ratio,Sharpe Ratio,Max Drawdown,Calmar Ratio
0,1.01,0.99,0.3,0.3,50304.69389999968,52492,2400,382,1.0353619861439847,0.6619642601082438,0.667462389898078,0.022738161685505853
1,1.01,0.99,0.3,0.4,51238.19064999966,52492,2400,388,1.034802357534608,0.6619885173799848,0.6677038943708945,0.022892055549739002
2,1.01,0.99,0.3,0.5,52236.77709999958,52492,2400,392,1.0340631552251043,0.661675071274103,0.6677065826970537,0.023059285457455475
3,1.01,0.99,0.4,0.3,53906.16364999965,52492,2612,386,1.0361915640802706,0.6619173477665335,0.6674155486780917,0.023347166087137248
4,1.01,0.99,0.4,0.4,55036.75974999957,52492,2612,394,1.0359520187242945,0.6620741077779273,0.6677090909206054,0.023523978367501672
5,1.01,0.99,0.4,0.5,56454.899199999665,52492,2612,399,1.0356215174826544,0.6620117746752845,0.6678039889424897,0.023747593628050515
6,1.01,0.99,0.5,0.3,51122.77244999972,52492,2771,389,1.0385391682534504,0.6625392508316115,0.6748782404522639,0.022628933404591253
7,1.01,0.99,0.5,0.4,52242.024049999745,52492,2771,397,1.0375880789938339,0.6622555298454347,0.6748660062188939,0.022815266234082296
8,1.01,0.99,0.5,0.5,53661.53894999972,52492,2771,401,1.0372125440471907,0.6621790675069976,0.674948940790281,0.023047071401127803
