,Future Buy Increase,Future Sell Decrease,Buffer Buy,Buffer Sell,Profit/Loss,Number of Transactions,Number of Buy Signals,Number of Sell Signals,Sortino Ratio,Sharpe Ratio,Max Drawdown,Calmar Ratio
0,1.01,0.99,0.1,0.1,-9879.691700000061,52492,10756,429,-0.034019401215245375,-0.10841014881588737,0.9894318487863611,-0.03057757931328599
1,1.01,0.99,0.1,0.2,-9881.967200000061,52492,10756,442,-0.03379991815623649,-0.11275879102700645,0.9896317338157951,-0.03070144102024569
2,1.01,0.99,0.1,0.3,-9883.084100000062,52492,10756,447,-0.042818633332597306,-0.14689559913711478,0.9897298448196954,-0.030763132237174994
3,1.01,0.99,0.2,0.1,-9881.030750000022,52492,13880,450,-0.03213692931663615,-0.09867388809157075,0.9895494739450762,-0.030650174602212057
4,1.01,0.99,0.2,0.2,-9875.347400000033,52492,13880,468,-0.036046108625534944,-0.11523387979773794,0.9890502357196176,-0.030347617262919308
5,1.01,0.99,0.2,0.3,-9879.214500000033,52492,13880,473,-0.04005232628399354,-0.12913219647567453,0.9893899304668484,-0.030551907722073196
6,1.01,0.99,0.3,0.1,-9880.978550000018,52492,15757,469,-0.03108743769562486,-0.09265422197132613,0.9895448885798654,-0.030647329027948048
7,1.01,0.99,0.3,0.2,-9879.65460000003,52492,15757,482,-0.036320816790228985,-0.11393673708668242,0.989428589839054,-0.03057557974417291
8,1.01,0.99,0.3,0.3,-9877.022700000023,52492,15757,478,-0.040493752113165145,-0.1331277032014461,0.9891973978333545,-0.030435313013557643
