,Future Buy Increase,Future Sell Decrease,Buffer Buy,Buffer Sell,Profit/Loss,Number of Transactions,Number of Buy Signals,Number of Sell Signals,Sortino Ratio,Sharpe Ratio,Max Drawdown,Calmar Ratio
0,1.01,0.99,0.3,0.05,36085.35124999974,52492,2400,298,1.0365049057807931,0.6610161202902144,0.6685447078139516,0.019860825331345183
1,1.01,0.99,0.3,0.1,41546.00804999977,52492,2400,330,1.0362486306451173,0.6613279660904159,0.6701666375714525,0.02099052104426026
2,1.01,0.99,0.3,0.15,45428.94039999975,52492,2400,352,1.0359851886530023,0.6617185921226508,0.6665606945819473,0.02187651300141997
3,1.01,0.99,0.4,0.05,37174.07249999969,52492,2612,299,1.036876754448697,0.6609865349771453,0.6677857666098532,0.020126799053359932
4,1.01,0.99,0.4,0.1,44335.65114999976,52492,2612,334,1.0375068314491624,0.6617340119369235,0.6699321987823987,0.021552624593537
5,1.01,0.99,0.4,0.15,48169.77384999981,52492,2612,354,1.0370011677130213,0.6618573921737271,0.6663825619333875,0.022389322999301235
6,1.01,0.99,0.5,0.05,35279.383599999725,52492,2771,301,1.0380484923913538,0.66123658960879,0.6701852835721476,0.019626197399173213
7,1.01,0.99,0.5,0.1,42046.10289999979,52492,2771,335,1.0379991416899224,0.6615430633484706,0.674043842713043,0.020968584874631373
8,1.01,0.99,0.5,0.15,45503.49389999975,52492,2771,356,1.0381861792095217,0.6619225372292686,0.6744776287760781,0.021629433643574284
