,Future Buy Increase,Future Sell Decrease,Quantiles,Profit/Loss,Number of Transactions,Number of Buy Signals,Number of Sell Signals,Sortino Ratio,Sharpe Ratio,Max Drawdown,Calmar Ratio
0,1.01,0.99,0.8,65890.70746920966,52492,13870,7850,0.29952837396341003,0.29317786777033533,0.6928029757679949,0.02047561441964337
1,1.01,0.99,0.9,65938.84337411393,52492,15879,8519,0.303556892228145,0.28865757952533494,0.6929819252362256,0.020476776572171108
2,1.01,0.97,0.8,65935.80155342925,52492,13873,5548,0.36511009224864693,0.3042086951132559,0.6850198915639599,0.020714367384890443
3,1.01,0.97,0.9,65966.39572613871,52492,15951,5883,0.36503863453397367,0.2990680120222778,0.6853434960121904,0.020708729451231957
4,1.02,0.99,0.8,66018.84198526097,52492,10409,6614,0.2550566513372439,0.30439204947328147,0.6854350490073267,0.020713060671952353
5,1.02,0.99,0.9,65928.31254577269,52492,11951,7260,0.2617857398638367,0.30109804320369216,0.6797817764893356,0.0208729609830039
6,1.02,0.97,0.8,66007.16015891376,52492,10167,5094,0.3300954792689527,0.3110794554689131,0.6799845462432926,0.02087749576329181
7,1.02,0.97,0.9,65937.07425915946,52492,11764,5460,0.3332661620455098,0.3056103782194508,0.678995758233614,0.020898321772770775
