,Future Buy Increase,Future Sell Decrease,Buffer Buy,Buffer Sell,Profit/Loss,Number of Transactions,Number of Buy Signals,Number of Sell Signals,Sortino Ratio,Sharpe Ratio,Max Drawdown,Calmar Ratio
0,1.01,0.99,0.3,0.1,41546.00804999977,52492,2400,330,1.0362486306451173,0.6613279660904159,0.6701666375714525,0.02099052104426026
1,1.01,0.99,0.3,0.2,48866.12414999968,52492,2400,373,1.0352890945754445,0.6616141021797384,0.6670967175127764,0.022491281907248976
2,1.01,0.99,0.3,0.3,50304.69389999968,52492,2400,382,1.0353619861439847,0.6619642601082438,0.667462389898078,0.022738161685505853
3,1.01,0.99,0.4,0.1,44335.65114999976,52492,2612,334,1.0375068314491624,0.6617340119369235,0.6699321987823987,0.021552624593537
4,1.01,0.99,0.4,0.2,51962.76339999975,52492,2612,376,1.0369995869271627,0.662197696336392,0.6672045568550243,0.023032148355439958
5,1.01,0.99,0.4,0.3,53906.16364999965,52492,2612,386,1.0361915640802706,0.6619173477665335,0.6674155486780917,0.023347166087137248
6,1.01,0.99,0.5,0.1,42046.10289999979,52492,2771,335,1.0379991416899224,0.6615430633484706,0.674043842713043,0.020968584874631373
7,1.01,0.99,0.5,0.2,48792.45059999966,52492,2771,379,1.0378090649543301,0.6619612771440795,0.6747587364786483,0.022226847789702173
8,1.01,0.99,0.5,0.3,51122.77244999972,52492,2771,389,1.0385391682534504,0.6625392508316115,0.6748782404522639,0.022628933404591253
